treatment,y_t1_pred,y_t0_pred,ite_pred,y_t0,y_t1,ite
0,7.25187715314086,4.266062897992738,2.9858142551481226,2.73258384981029,7.38431371842015,4.651729868609859
0,6.576871191786839,3.770685121925643,2.8061860698611962,3.32379884156666,6.86850315815524,3.5447043165885797
0,6.557533109360126,3.0665638228362115,3.490969286523914,1.63805888036982,6.36918952520563,4.73113064483581
0,6.524322796393493,2.4305200974828196,4.0938026989106735,1.93590678435521,6.82299692577977,4.88709014142456
0,7.277863015812732,3.2306918990828137,4.047171116729919,2.49417563704603,7.50820425993149,5.01402862288546
0,6.3491595397457905,2.070843705823577,4.278315833922214,2.2508010805896,6.20968617553956,3.9588850949499603
0,7.046371076651036,3.935666983987654,3.1107040926633824,2.21330343503644,7.50503916323124,5.2917357281948
1,6.662341457881677,1.4178191691396815,5.2445222887419956,0.802713999068277,6.30737648158395,5.504662482515673
0,6.407370556203617,2.8928363760893903,3.5145341801142265,2.83212320599916,5.05441869799555,2.22229549199639
0,5.96111133301361,0.5690168968169753,5.3920944361966345,-0.260075906393018,7.99568586346053,8.255761769853548
0,5.953559537771896,1.4710262712941016,4.482533266477795,2.61247336678515,5.42667837339344,2.8142050066082898
0,5.742266290865036,0.8737643934538954,4.86850189741114,2.22038577248234,6.1643867911073,3.94400101862496
0,6.019921826107962,2.183220891265133,3.8367009348428285,3.06370113030307,6.63241812518479,3.56871699488172
0,5.758232094780816,0.7088487648300004,5.049383329950816,2.70835092041571,5.3881368349589,2.6797859145431895
0,6.918313490267272,2.3626140873555705,4.555699402911701,-0.24732380844291,5.97693665313538,6.2242604615782895
0,6.181462580371111,1.1205188552455159,5.060943725125595,1.93391347357106,4.7052436287931,2.7713301552220395
1,6.495629740240928,1.9038667550692454,4.591762985171683,3.47876313267908,7.85663754437625,4.37787441169717
0,6.064228557269147,0.9217386645698458,5.1424898926993015,2.1845259855116,6.43413664028367,4.24961065477207
0,6.69337985363141,2.807573569844648,3.885806283786762,3.12770435168658,6.35882924019398,3.2311248885074004
1,7.301325854559213,4.324026313348672,2.9772995412105407,4.2371570515887,5.50167738984269,1.2645203382539894
0,6.559956243467992,2.9113421858317676,3.6486140576362245,2.33687409660654,6.25688339032346,3.92000929371692
1,6.893028635781759,2.019516502312506,4.873512133469253,1.19197424417657,7.95450655348053,6.76253230930396
0,6.051322977298415,1.5765179123849105,4.474805064913505,3.74573735122366,6.01719819831263,2.27146084708897
0,6.553549870241045,1.1791282883420593,5.374421581898986,1.18011056797042,6.66989455520745,5.48978398723703
1,7.087750475750655,3.4652460018309035,3.622504473919751,4.97491519699422,5.65091290975085,0.6759977127566295
0,6.146080298214521,2.631086849402329,3.514993448812192,1.26766690187755,5.18431251542939,3.9166456135518404
0,6.942824237732316,3.373141953646429,3.5696822840858875,3.02022901834076,5.57194111994808,2.5517121016073196
0,6.302941102293376,2.2249394412292682,4.078001661064108,3.79311573225233,5.48327859785497,1.6901628656026402
0,5.96221585539652,1.9119497248956354,4.050266130500885,2.05560967218652,6.79722717825114,4.741617506064621
0,7.7785475411931735,3.256135370158773,4.5224121710344,3.56925298695379,7.42677611752225,3.85752313056846
0,6.153924017748444,2.0216572801792427,4.132266737569202,0.449180309535973,7.40534080137107,6.956160491835097
0,6.766848439093275,2.348547035177687,4.418301403915589,0.906073270635828,6.34012846304757,5.434055192411742
0,6.729545138237685,2.405047656848035,4.324497481389651,-0.0441511523593365,6.47001519976026,6.514166352119596
0,5.444718161015598,1.239316635963593,4.205401525052006,1.79799718417944,5.95757388743291,4.15957670325347
1,6.150751579041734,1.8320837893489208,4.318667789692814,1.94692421265597,5.46770353368206,3.5207793210260894
0,7.10996960913519,3.141838813412444,3.968130795722746,3.52647174627947,8.47866649211112,4.95219474583165
0,5.275937372480033,0.6028530899580673,4.673084282521966,0.858432138214635,6.36314121748603,5.504709079271395
0,6.286453588148449,1.9979676688682444,4.2884859192802045,1.09096971562181,7.0984731477633,6.0075034321414895
0,6.819884738005731,1.7297197997731595,5.090164938232572,3.4924369691205,7.08885232335493,3.5964153542344297
0,4.234026647103912,0.5506972399311283,3.6833294071727836,0.328837642448023,5.63009573725812,5.301258094810097
0,6.970372100972264,1.2731576079847615,5.697214492987502,1.05263326171892,6.77717239019998,5.7245391284810605
0,5.882465002274493,1.611942536343444,4.270522465931049,0.930412892024462,5.6275236878806,4.697110795856138
0,6.164014771734587,1.973097243937169,4.190917527797418,2.95051554041517,8.35350740384733,5.40299186343216
0,6.724042382130239,2.040091113504089,4.68395126862615,0.952002421528019,6.94609981167604,5.9940973901480215
1,5.64257320792806,2.4287956959320938,3.2137775119959664,0.485943254125733,5.92435923371174,5.438415979586007
0,5.855583505165731,3.4283133317273977,2.427270173438333,3.04913060022404,6.8563319797474,3.8072013795233595
0,7.405442424006805,3.822407650527604,3.5830347734792007,4.02419072576575,8.31160170799191,4.28741098222616
0,7.362039504058574,2.0082564246545296,5.353783079404044,3.27190740669347,7.82826734220534,4.556359935511869
0,7.567314078175916,3.781337339870796,3.78597673830512,3.98211060515635,8.39277153444722,4.41066092929087
0,7.117992613417544,3.613391425888775,3.5046011875287695,2.47598675899553,8.16866946608667,5.692682707091139
0,4.924233534995176,2.5385879271199463,2.38564560787523,0.37146047771323,7.77452599653371,7.403065518820481
0,6.496186178474169,2.1631431259503198,4.333043052523848,1.36945314372259,7.57293111380722,6.20347797008463
0,6.442891605903762,2.3668907437904627,4.0760008621132995,1.20550094860563,7.4245488795205,6.219047930914869
0,7.281596610859952,2.0142070765427897,5.267389534317163,1.82049332677721,6.66291255893751,4.8424192321602995
0,7.135348658034685,4.678061360286236,2.457287297748449,6.79343602764832,6.56881489726993,-0.22462113037838982
1,6.517793513566546,2.8186228437547856,3.6991706698117603,0.426099083564814,6.02950547542056,5.603406391855746
0,6.550161468994734,2.5071330314165223,4.0430284375782115,2.34084979544215,6.90848267627906,4.56763288083691
0,6.912969053389174,2.785521486576668,4.127447566812506,3.60809429650717,5.85570024438657,2.2476059478794004
0,7.874987486959154,5.14762799055843,2.727359496400724,6.25317454341297,8.39333786678472,2.140163323371749
1,6.782715100228832,3.361401694329884,3.421313405898948,2.36710331278944,6.04771843688225,3.68061512409281
0,6.914054434820211,3.0568209969027413,3.8572334379174698,2.90292091594869,4.95227283026821,2.0493519143195202
0,6.746220659828198,3.1441726204487317,3.6020480393794667,2.42322261825645,7.49370974968909,5.070487131432641
0,7.452391207337809,4.159127705458957,3.293263501878852,5.02735027325787,8.40898384771734,3.381633574459471
1,5.698155729816405,1.6167463484701934,4.081409381346212,-0.382426822042614,3.36797972936912,3.750406551411734
1,5.429920089450548,2.6577620899073593,2.772157999543189,1.82010269649467,6.41711458576622,4.59701188927155
0,6.223187449215892,1.1524867968744155,5.070700652341477,2.91056296126412,5.81250319791233,2.9019402366482097
0,5.364153614530258,0.864122361412182,4.500031253118076,0.0895956204038378,4.26966254855952,4.180066928155682
1,7.2944716920204815,4.19855872864583,3.0959129633746514,3.23080297028286,7.89522425002395,4.66442127974109
0,6.13210350690131,2.116834765349334,4.015268741551976,1.11774158831018,6.78924096914156,5.6714993808313805
0,6.291558658792651,2.107701254985061,4.18385740380759,1.88835709822611,6.3729471788457,4.48459008061959
1,6.633342992835978,3.023662764928119,3.609680227907859,3.51731892272842,5.38790122007399,1.8705822973455706
0,6.48550144874505,2.3390129187332196,4.146488530011831,3.07636775246967,7.5542123946928,4.47784464222313
0,6.1208006654213065,2.733751854315393,3.3870488111059136,2.72384566681466,5.61523532502201,2.8913896582073506
0,7.748085661171187,3.363925088478447,4.38416057269274,3.94955227721528,6.19692933907083,2.24737706185555
0,6.629179052799659,2.862242341877568,3.7669367109220904,2.18463591885232,8.16138328753859,5.976747368686269
0,5.613306471001814,2.142639682200757,3.470666788801057,0.880649612171401,6.09443546187938,5.213785849707979
1,6.802241818777391,2.7826233231134294,4.019618495663962,1.52826215735933,5.92660921723793,4.3983470598786
0,5.572413311950513,0.9673054120240347,4.605107899926478,0.753737943965147,5.8764508352895,5.122712891324353
0,6.276607251904052,1.7602937302817983,4.516313521622253,1.99029646633067,5.24237062122034,3.2520741548896703
1,6.714192041695094,3.220131783995497,3.4940602576995974,4.68066083719179,6.29517022453885,1.6145093873470602
1,6.1862181904755005,0.9082048846287669,5.278013305846733,0.0713719480255737,4.44495600189112,4.373584053865546
0,5.935920314588179,1.3576327552436462,4.578287559344533,1.34627527987568,6.92768760351466,5.58141232363898
1,5.332032060898879,1.0423815358003912,4.289650525098487,0.46788652931721,5.48447858416736,5.01659205485015
0,6.357203970134183,2.7299593766576606,3.6272445934765223,1.51989417736787,6.63013063118917,5.110236453821299
0,8.421263577178772,4.8918265786118695,3.5294369985669025,7.06815146605686,8.50050855214805,1.4323570860911898
0,7.756908667807644,5.574554910670022,2.182353757137622,7.15559903811687,7.87536969712721,0.7197706590103401
0,6.894930888844074,4.1417150221382295,2.753215866705845,2.72920854936937,9.49449669072071,6.765288141351341
0,6.700631804620345,2.0793092485438334,4.621322556076512,1.93098695359627,5.64603513934339,3.7150481857471194
0,5.796586238548862,1.6729427630927731,4.123643475456089,1.31262410310969,4.45370825286613,3.1410841497564395
0,7.644553969889844,3.942306289516417,3.702247680373427,4.59661987575073,7.57035856354078,2.97373868779005
0,5.996721184227834,2.4909886765022726,3.505732507725561,2.64825974782293,6.83079101406089,4.18253126623796
0,7.135426587197763,3.9239491895741407,3.2114773976236224,4.09194628778051,6.06197592027505,1.9700296324945406
1,5.252867298454606,1.2080419120089287,4.044825386445678,-0.298508906888175,4.77123234193084,5.069741248819015
0,6.851773188582096,1.7393740842119192,5.112399104370177,2.39976029007816,6.54947996463424,4.14971967455608
0,6.387008126203663,1.7954942353695074,4.591513890834156,1.83863103128012,7.46542494775053,5.62679391647041
0,5.42671004617102,1.0282523132826749,4.398457732888345,2.2329517497097,6.00170133695198,3.76874958724228
1,7.333700326102906,3.697459700175781,3.6362406259271247,4.29665346749169,7.38663791350443,3.08998444601274
0,5.911833669561968,1.247165169287636,4.664668500274332,1.59334394178164,5.24303327025659,3.64968932847495
0,4.794777767915246,0.7535505813635079,4.041227186551738,1.41111121767818,7.50554854285709,6.094437325178911
0,6.5116296592365055,1.4275340252448994,5.084095633991606,2.99627270536114,6.63395221920133,3.63767951384019
1,6.236301766794268,2.234533980721099,4.001767786073169,2.12824242995245,6.29186737038156,4.16362494042911
0,7.018825528515324,2.5619421929248007,4.456883335590523,2.26952286227032,6.02991676699462,3.7603939047243
0,7.083041705160755,3.3564968684515324,3.726544836709223,3.0447131813751,6.04846675351544,3.0037535721403397
0,5.445119122966862,0.5203463834975111,4.924772739469351,0.144451695045381,5.60827645762444,5.463824762579058
0,5.492012346833082,1.8544883299705948,3.6375240168624874,1.91012419188467,7.84131958890749,5.931195397022821
0,5.833443489554677,1.3369210447783817,4.496522444776295,0.287976044872814,6.02910710811176,5.741131063238946
0,6.398212378268313,2.112869137268588,4.285343240999724,2.41933008017435,5.85634399448236,3.4370139143080105
0,5.981902008711764,1.3967386227709804,4.585163385940783,2.09491491664685,6.55103468914937,4.45611977250252
0,6.034460404316892,1.8873099874677712,4.1471504168491204,0.303088418486243,4.73610951618885,4.433021097702607
0,5.664560411983866,0.5814568690414257,5.083103542942441,2.22342781796504,4.16061286740358,1.9371850494385394
0,6.80585550249053,2.3158767566394722,4.489978745851058,1.90290636141772,6.2659114891587,4.36300512774098
0,6.386934578219712,2.6310022194578475,3.7559323587618647,2.73222486480094,8.25292990764208,5.52070504284114
0,6.947421799051821,3.81803797704959,3.1293838220022305,2.81795433751519,7.44944946822493,4.631495130709741
1,6.849040808638822,2.1321934001638883,4.7168474084749334,1.48119156564019,7.41470256041128,5.9335109947710905
0,6.1939436144869635,2.14893390892014,4.045009705566823,2.811190245448,6.29447802659403,3.48328778114603
0,5.411570274946485,1.0250619862600885,4.386508288686397,1.19165966219782,5.79875437938676,4.60709471718894
0,7.2726594587220745,2.3684753701638033,4.904184088558271,0.695405609473789,5.69324223884827,4.997836629374481
1,6.065836556512361,1.3653298075518312,4.70050674896053,1.44866318525499,6.76264014330111,5.31397695804612
1,6.5443350435272905,2.316376767902212,4.227958275625078,2.7479859663382,7.83446892934153,5.086482963003331
0,7.179572372767668,3.181247298463118,3.9983250743045495,2.89725597538185,6.98357775837235,4.086321782990501
0,6.698477829367732,2.1032088662239796,4.595268963143752,1.75059146587553,6.65487685469917,4.90428538882364
0,6.147618707304748,1.5341675066382972,4.61345120066645,1.0425621792927,6.28090516742173,5.23834298812903
0,5.712718841354774,0.9458919214567483,4.766826919898026,1.4494710455093,6.62271074111468,5.17323969560538
0,7.007898085522348,3.158756677278056,3.849141408244292,4.36721066102877,7.92073518892267,3.5535245278938996
0,6.282053999192342,1.1008580020669678,5.181195997125374,1.48908382543659,3.67929184958556,2.19020802414897
0,5.803041909873908,1.0720091976365844,4.731032712237324,2.16836439633183,5.3801340221139,3.21176962578207
0,6.397990446391603,2.3472939424400554,4.0506965039515475,2.44723042759779,6.46420293695532,4.0169725093575295
0,7.094113140297168,2.979195230240046,4.114917910057121,3.87812580087658,6.33874347808641,2.4606176772098296
0,5.883105371739048,1.1482727677383613,4.734832604000687,0.434955911951533,6.24341775365401,5.808461841702477
0,6.436312174413443,1.7153116901285934,4.72100048428485,1.44911223980778,6.2518666529153,4.80275441310752
1,6.200667509457246,2.5804788413546422,3.620188668102604,2.8560675594816,7.74758639591913,4.8915188364375295
0,5.977831954796934,2.1920513073462367,3.7857806474506974,3.89968653382525,5.74114412627441,1.8414575924491596
0,5.792710378726405,1.4733729459336882,4.319337432792717,1.7682848860824,4.138410812977,2.3701259268946
0,5.3060268835397935,2.4479202155638733,2.85810666797592,1.83024090809096,6.8982868451157,5.06804593702474
0,6.97184354990581,2.4278541736992505,4.543989376206559,2.84753633156917,7.44993201159133,4.60239568002216
0,7.664136398929768,3.9808908025499594,3.683245596379809,4.19726391306783,7.50961391999809,3.3123500069302603
0,6.375807770043634,1.2006566210993141,5.17515114894432,2.56649876669406,7.09320392666487,4.52670515997081
1,6.6295309897271615,3.4218232848642365,3.207707704862925,3.856242945689,7.84051113609547,3.9842681904064703
0,4.378151806800857,1.283341691334897,3.09481011546596,1.70736515458708,6.19042771053469,4.48306255594761
0,7.758082567033031,6.112975806639398,1.6451067603936327,8.58109608290778,7.82901689984728,-0.7520791830605003
1,5.938566060260548,2.674963892717781,3.2636021675427673,2.0358313320835,4.88440519052096,2.84857385843746
0,6.358176699631977,1.9675363033624065,4.39064039626957,2.551956358036,6.75062479591378,4.19866843787778
0,6.528797023260778,3.494264360923018,3.03453266233776,2.54038888017871,7.72201345510358,5.18162457492487
0,6.644315104179196,3.4419128804472034,3.2024022237319922,2.56357657690465,5.58487721925098,3.0213006423463296
0,5.8275992508631305,1.455972117951904,4.371627132911226,0.178507521021148,5.34770340256429,5.169195881543143
0,7.086842536859521,3.107497586338053,3.979344950521468,2.97812608449448,7.44868100363158,4.470554919137101
0,6.507489493280172,1.043670471870634,5.463819021409538,0.392984471026906,5.28807611468785,4.895091643660944
0,6.735486285923425,3.8454397332587043,2.890046552664721,3.32641168371262,6.81354430948632,3.4871326257737003
0,8.013590949147853,4.92809494010611,3.0854960090417425,7.04518582242912,8.2438710371632,1.1986852147340787
1,6.732841316837739,1.8248242342049625,4.908017082632776,2.10696626452327,5.3091683238032,3.20220205927993
0,6.002125684922312,1.858821176190172,4.14330450873214,3.09973650462438,5.70302031205748,2.6032838074330997
0,5.971714638179398,1.4953327446782116,4.476381893501186,2.73049064540327,6.81155241861542,4.08106177321215
0,5.913218119749047,0.9352948498756799,4.977923269873367,1.17028499342013,4.36182579470903,3.1915408012889
1,6.5231930822114075,2.695642072508391,3.8275510097030163,3.12204822930448,6.46145945644753,3.3394112271430503
0,5.904909209996864,2.4100296878474987,3.4948795221493656,1.73447314923625,6.96797041605071,5.23349726681446
0,7.567058147062417,4.060076996660384,3.5069811504020327,5.43093144661251,6.86120526424958,1.4302738176370706
0,7.193863714802825,3.145412683434496,4.048451031368329,5.27630515157302,4.29383626530163,-0.9824688862713895
0,6.916883910665607,2.8702452381573558,4.0466386725082515,0.543325890887438,7.45060698331996,6.907281092432522
0,5.228787155932384,3.5521405155268093,1.6766466404055747,4.70891250762632,5.49869600429211,0.7897834966657893
0,7.077716359146602,2.298197522960146,4.7795188361864565,1.62330519817689,5.70524798200874,4.08194278383185
0,6.514261226050804,2.4979263938308387,4.0163348322199655,3.64968439104053,5.72738014423113,2.0776957531906004
0,5.9973812233674915,1.4031703151285853,4.594210908238907,0.782929224448127,5.39159228345623,4.608663059008103
0,6.437693694147058,2.452595472079576,3.9850982220674824,4.4905398420172,6.53575254587705,2.0452127038598498
0,7.3370608703507685,5.293439166031691,2.0436217043190776,6.59404386092927,8.13257213541126,1.5385282744819904
0,7.55051585061233,4.298401724406546,3.2521141262057833,5.030282381705,7.43314886810506,2.40286648640006
0,6.423992285821694,1.866070319759867,4.557921966061826,1.09534786725377,7.28534556900378,6.189997701750009
0,5.166782688780992,1.4181852167271514,3.7485974720538406,1.62817217217084,6.4744751165605,4.8463029443896595
0,7.285093981246053,4.452705652572762,2.832388328673291,4.67717713734103,7.19489010381573,2.5177129664747007
0,6.990891715195167,3.0784219470732843,3.9124697681218823,2.57310118099628,6.32000832164735,3.74690714065107
0,5.9606001271724125,2.3624433896842225,3.59815673748819,2.87660799714716,6.95934110134397,4.0827331041968105
0,5.789062717189285,1.6853339719350184,4.103728745254267,1.76512956756763,6.18811975864022,4.42299019107259
0,7.005898336868544,3.876274365227202,3.129623971641342,4.50569976905139,7.16886656454534,2.66316679549395
0,6.855804756442415,2.8629679277682527,3.9928368286741627,2.00903423531024,5.93219866870374,3.9231644333935
0,6.2148633843754695,1.0153721830031979,5.199491201372272,1.5972381580345,6.34969466615475,4.75245650812025
1,6.272727556663378,2.2847166238172423,3.988010932846136,1.44336284538967,7.81753551670453,6.37417267131486
1,6.1240168915945175,1.1512353092076641,4.972781582386853,1.21852488896919,6.25547988315569,5.0369549941865
1,7.143530752313042,3.7102516045555696,3.4332791477574727,5.00636506402816,7.24799674997017,2.24163168594201
0,6.157442709127708,2.3551165539038896,3.8023261552238186,2.49680970912242,5.29866649932343,2.8018567902010094
0,7.132531469542143,2.0011026866228554,5.131428782919288,1.97405087974864,6.40775574712119,4.433704867372549
0,6.863468672637076,3.7889203542427383,3.0745483183943376,2.4772728401745,6.72719683288061,4.24992399270611
1,6.699274784152181,3.0747230362468376,3.6245517479053437,1.40582935221744,6.47367099728361,5.06784164506617
0,6.722364490462976,1.3047269512619686,5.417637539201007,2.31575194715952,4.77793020383668,2.4621782566771606
0,6.844276448744495,2.801161757232565,4.04311469151193,2.17307707317429,6.61063225851347,4.43755518533918
0,6.423139711578178,2.211452055123253,4.211687656454925,3.9878031353275,5.08869849327538,1.1008953579478797
0,7.904946483805546,3.236309452894565,4.668637030910981,3.06751922003647,6.59431998945119,3.52680076941472
0,5.86039556625445,1.6676472005489433,4.192748365705507,1.62538592353627,6.81177302414431,5.18638710060804
0,6.932848004049681,4.2487394845230835,2.684108519526598,5.16236444272609,9.01845752312378,3.8560930803976907
0,4.594362359168445,0.6955681864953811,3.8987941726730635,1.20050522136526,4.12490993427065,2.92440471290539
0,6.093344181603169,2.1063058900790574,3.9870382915241116,2.78309910131969,4.37637278032403,1.5932736790043402
0,6.725088707584119,2.696592740192771,4.028495967391348,1.83865649068653,8.244581218145,6.405924727458469
0,7.960777540107129,4.390443203142354,3.570334336964775,5.96937703534336,8.78871620424581,2.8193391689024505
0,6.267336970379001,1.3880471865875519,4.8792897837914495,3.21540202156114,5.27228688492353,2.05688486336239
0,5.832780231559823,0.983509104918695,4.849271126641129,2.1844946149945,6.12961487414896,3.9451202591544594
0,6.839591027752722,2.4173737611052504,4.422217266647472,2.48820545003508,7.63932910204692,5.15112365201184
0,7.497909685048686,4.863913654629121,2.6339960304195653,6.20815481332702,10.17100383354,3.96284902021298
0,5.838121782428052,1.3171009459542151,4.521020836473837,0.937600471081381,5.42316091159241,4.485560440511029
1,5.629459822160844,2.3515451910592255,3.2779146311016185,3.14529217496177,6.20564095965029,3.06034878468852
0,5.618503694615116,1.1692909845587436,4.449212710056372,-0.331501500995267,6.69278268530483,7.024284186300097
1,7.099379433410964,2.632906205720551,4.466473227690413,2.39818402553754,6.94715271551603,4.548968689978491
0,6.286775443728192,2.034505913467502,4.2522695302606905,1.23566486842453,8.09480405412776,6.85913918570323
1,6.459233288464569,3.3980359481484266,3.0611973403161423,2.74320263170353,6.85731905225709,4.114116420553559
0,7.718300440082036,4.177167454140246,3.5411329859417897,2.90061879959459,8.12410930678623,5.22349050719164
1,6.020840702726431,2.6829409906346204,3.33789971209181,1.85680036918136,5.8556713635452,3.9988709943638403
1,6.488705367788459,2.234392426028913,4.2543129417595456,1.49545403283813,4.97480818648848,3.47935415365035
0,5.949208296853851,1.303822220961469,4.645386075892382,2.40589424852806,6.70928067292374,4.303386424395681
0,7.874857749051059,4.311323386107413,3.5635343629436456,3.33876946039242,8.98447573835066,5.64570627795824
0,6.951208650125846,2.4107355422961096,4.540473107829737,3.95921504145894,5.64303909641306,1.6838240549541195
0,6.018483928824485,1.3007947920731957,4.717689136751289,-0.0668415133623212,4.62362102710565,4.690462540467971
0,6.220835180986354,1.4962005316652083,4.724634649321146,3.2671194423591,7.45149216524801,4.184372722888909
0,6.092595875990692,1.7205630677311363,4.372032808259555,-0.236583291489797,7.6371901991701,7.8737734906598975
0,5.331540892657846,2.0066609541298726,3.3248799385279733,1.87736719608874,5.42420872212634,3.5468415260376003
0,5.72606181187796,0.6092488267428813,5.116812985135079,0.88685651931873,3.25437507811314,2.36751855879441
0,5.527548917902986,0.7568065514023046,4.770742366500682,-1.39103536626473,6.37585593670524,7.76689130296997
0,7.079537536774595,2.9093873533322236,4.170150183442371,1.89369521352568,6.81200157916607,4.91830636564039
0,6.77718014982133,2.9551901442860555,3.8219900055352745,2.25781810284201,4.368622962949,2.11080486010699
0,8.188528130245976,5.399966147483736,2.788561982762239,8.32452035909233,9.20825148379144,0.8837311246991089
0,6.974674428773036,2.5274518305929226,4.4472225981801135,2.02505907788355,4.07156158499326,2.04650250710971
0,6.083022214896818,2.5827111359448565,3.500311078951962,2.5807571422925,7.89645629711204,5.315699154819539
1,5.65164308648367,1.2844762957143934,4.367166790769277,0.953151088880075,6.18408681073811,5.230935721858035
0,7.4244083451889304,3.4337886488868485,3.990619696302082,3.94507488309749,6.29492371762101,2.3498488345235202
0,6.279018570242454,3.0463953498281797,3.232623220414274,3.58403617378164,6.3724678789019,2.78843170512026
0,7.111663934325906,5.013227024952115,2.098436909373791,6.91176152588486,8.30488367588712,1.3931221500022604
1,6.321269306593162,1.314965537203883,5.006303769389279,0.624131943647124,5.9777119806087,5.353580036961576
0,6.665661310777264,1.1720339156410355,5.493627395136229,1.72301283634912,6.85437516737556,5.131362331026439
1,6.829217662231984,3.3828308237531663,3.4463868384788174,3.29582314319346,6.42366829853838,3.12784515534492
0,7.187108092140347,2.4961163076423065,4.69099178449804,2.43369517823661,6.27109456071493,3.83739938247832
0,6.045954808170431,1.3978823196050993,4.648072488565331,1.39511658071826,6.94089790399049,5.54578132327223
0,6.494148651579355,1.343794335546668,5.150354316032687,1.46962441068836,5.07333667767589,3.6037122669875297
0,5.521689425416128,1.2222554864446158,4.299433938971513,2.72506257543684,5.82041423120705,3.0953516557702105
1,6.136499279587069,1.6428054820899836,4.493693797497086,1.32560677118288,6.22831668546518,4.9027099142823
0,6.6034283881457405,2.457638677579615,4.145789710566126,2.28272202439312,6.17350842618741,3.8907864017942897
1,5.6432014581754855,1.1439406893846107,4.499260768790875,0.812618360393672,6.08425490904035,5.271636548646678
0,7.263446120152728,2.533772622994752,4.729673497157975,1.82637802000464,7.39731477629731,5.57093675629267
0,6.101206918266594,1.718459304040653,4.3827476142259405,1.73734179629489,7.92372429056284,6.186382494267949
0,6.585411927576333,3.177480954077976,3.407930973498357,1.27371022091897,5.8118343545993,4.538124133680331
0,6.074889063205207,2.5009156092730027,3.5739734539322043,3.55201677464943,6.44869762913206,2.8966808544826304
0,5.309711124614462,1.715798218753361,3.5939129058611012,-0.568745297078949,7.94687677112342,8.515622068202369
0,6.230917446541167,1.9885350589641313,4.242382387577036,1.61873554440144,6.26960130926299,4.65086576486155
0,6.227297535814137,2.5035564122505205,3.7237411235636166,3.13526588474506,7.1766648228494,4.04139893810434
0,8.156597494210327,6.728759419556822,1.427838074653505,9.28004729761496,7.6247083925066,-1.6553389051083602
1,6.52790394012013,3.111747225970243,3.4161567141498876,1.68881848193172,7.69002434050272,6.001205858571001
1,6.610262192542716,4.183015069863067,2.427247122679649,4.45100826236807,6.98656991566106,2.53556165329299
0,6.668077148907905,1.9033702532322916,4.764706895675613,1.67799714975689,6.53011822952149,4.8521210797646
0,7.11458975968132,3.2269926424659525,3.8875971172153676,1.90668433132268,8.32860701685985,6.4219226855371705
0,5.567417443127727,1.6809457402528485,3.8864717028748785,1.65282508006338,4.22079880948453,2.5679737294211504
1,7.2477779823376025,3.5667631152855837,3.681014867052019,1.62570358638391,6.46827439510333,4.84257080871942
0,6.569201417680679,2.6776833973602505,3.8915180203204285,2.58770791457247,5.74809127667025,3.1603833620977797
0,6.987530930179579,3.9475757409831616,3.0399551891964176,2.92097648721518,6.42706466320735,3.50608817599217
1,5.639683424868538,1.704655197545643,3.9350282273228956,2.25344222579929,6.80146554608809,4.5480233202888
0,7.275733877077435,3.0143795858965436,4.261354291180892,2.63268636275523,7.22621193917198,4.59352557641675
0,6.631293250461927,2.6662788454316986,3.9650144050302285,1.49566123965648,6.2191462269468,4.723484987290321
1,6.460376295175308,3.7774160514550603,2.682960243720248,2.38855475989751,6.95611505502072,4.56756029512321
0,6.735079967173938,1.872234494962937,4.862845472211001,3.77329266232502,8.01743863243171,4.2441459701066915
0,6.6190812696532415,2.217281623781331,4.401799645871911,2.9082345886245,6.89720697886871,3.9889723902442102
0,6.925119180194308,1.8224372543105187,5.10268192588379,0.949848568934389,6.21073545969881,5.2608868907644215
0,6.462232731056067,3.0070478040716213,3.455184926984446,3.87883455820972,6.4827058273132,2.60387126910348
0,7.90513212094973,3.741896097877495,4.163236023072235,3.53351169463389,8.33117184078055,4.797660146146661
0,6.707720796417965,3.212077807511757,3.4956429889062077,2.37096543699894,6.86728429917018,4.49631886217124
0,7.158453195216749,3.8766085712053657,3.2818446240113834,3.64829185683476,7.31089381341192,3.66260195657716
0,6.231328897200871,1.3660788980851035,4.865249999115768,0.0845594087805099,5.82131130300678,5.736751894226271
0,4.923576625133779,1.9251856401006817,2.9983909850330974,1.81173474428072,7.56997066526301,5.7582359209822895
0,6.6483285011769535,2.110000919279244,4.538327581897709,2.54280318120113,7.75728927415589,5.21448609295476
1,6.404138690030163,2.6665598485146087,3.7375788415155546,2.19874509601962,5.23820624333856,3.03946114731894
1,6.88244259683453,3.8037132894631704,3.07872930737136,3.6768560842811,7.71310931234882,4.03625322806772
1,6.48008502772196,2.711706985527371,3.7683780421945885,0.604496342758313,5.59992696036387,4.995430617605557
0,7.658518308103252,4.409385557430125,3.2491327506731276,3.40906688856034,7.20761413760671,3.7985472490463703
1,7.046398316283448,2.7637663216116595,4.282631994671789,2.51119155583392,6.17816350988624,3.6669719540523205
0,7.162069114539795,2.815003109111193,4.347066005428602,0.507669101853007,8.05876307269951,7.551093970846503
1,5.418909466705443,1.6264535281315162,3.7924559385739274,1.48606362792246,4.21925736158958,2.7331937336671204
1,6.048137279953128,3.1875935888051394,2.8605436911479885,2.20729131263332,6.50768073954587,4.30038942691255
0,7.319871425088525,3.305967865339599,4.013903559748926,2.94560804474324,6.41700889260929,3.47140084786605
0,6.064564595883896,2.222644290732851,3.841920305151045,2.13479787294909,7.12171796591089,4.9869200929618
1,6.583270707743116,3.4808060333313864,3.10246467441173,3.92866108441747,5.86106115988978,1.93240007547231
0,6.277689902440729,2.518307395817858,3.7593825066228708,1.8037716051054,5.83886503228251,4.03509342717711
0,6.150737468520723,1.2765421523641736,4.874195316156549,2.44778002828604,4.54189136836655,2.0941113400805103
0,5.961231970367471,1.2139844000910496,4.747247570276421,1.39036742817423,4.42121152359814,3.0308440954239106
0,5.138672337755949,1.9151136345155526,3.2235587032403963,3.11796783544566,6.10272777633657,2.98475994089091
0,6.844823349394257,2.7933688979451987,4.051454451449059,2.71243386000382,6.86565545603981,4.15322159603599
0,7.628378264598326,2.4929952335737555,5.1353830310245705,2.39585511163335,5.4922258530994,3.09637074146605
0,6.214507523996102,1.1822326270978056,5.032274896898296,0.810612376181028,8.5542410094242,7.743628633243171
0,6.610440901306337,2.8310301229229466,3.77941077838339,2.39474101577074,6.34353444377627,3.94879342800553
0,6.150357304832737,2.5895580694185525,3.560799235414185,1.74429827694495,6.54864209650159,4.80434381955664
0,6.54347992084378,2.369456566394669,4.174023354449112,4.23040956594375,7.61256121032616,3.38215164438241
0,6.604260314023031,3.122844721121772,3.481415592901259,3.86067359663774,8.24047556790114,4.379801971263399
0,6.2160971061377435,1.363959743776721,4.852137362361022,2.24405013925944,5.26970079829555,3.02565065903611
0,6.590763863810815,1.8810708213563507,4.7096930424544645,2.60232276243973,5.29214797686775,2.68982521442802
0,6.230952088007831,1.9734404968229418,4.257511591184889,2.17226773518165,6.72072791294252,4.5484601777608695
1,6.327998616076208,2.5322105046076597,3.795788111468548,2.36159676102514,5.04267969108998,2.6810829300648398
0,5.484843576671474,0.8498714645543555,4.634972112117119,1.13329164099001,6.54522167270086,5.41193003171085
0,6.262706361496514,1.9054447715882856,4.357261589908228,4.59225039637333,7.26460740257302,2.6723570061996904
0,4.522012224992153,2.7281500401868897,1.7938621848052634,1.50519829739236,7.72702960004262,6.22183130265026
0,6.096161057697132,1.8972403482248419,4.19892070947229,3.14209751547716,6.38090073177765,3.2388032163004894
0,6.863833828031758,3.0406802958309025,3.823153532200856,1.67932163944121,5.96898661830843,4.28966497886722
1,5.895680389262971,1.4751343063056441,4.420546082957326,0.632478127583945,6.21557215512132,5.583094027537375
0,5.817989774917834,0.851235279721875,4.966754495195959,3.06897717494643,4.12460313681055,1.05562596186412
0,7.162507361962257,3.2740537001468244,3.888453661815433,3.89475091938305,6.47238122462155,2.5776303052385003
0,7.821623611329977,3.524926974296413,4.2966966370335635,1.93427882876324,7.1925281410593,5.258249312296059
1,7.579656922449288,3.750389219107608,3.8292677033416798,3.90736002450151,9.31461451889704,5.40725449439553
0,6.614818544122899,1.9147438662351977,4.700074677887701,2.1810995742631,7.22601216671285,5.04491259244975
1,5.571526828239142,1.985701000200798,3.5858258280383435,2.48221502133483,5.15835428106167,2.67613925972684
0,6.114153004452172,2.657290616720054,3.456862387732118,2.9373891452793,6.19952680799892,3.2621376627196197
0,8.301605355953061,5.832526805941143,2.4690785500119183,7.18676855638993,8.12095628770311,0.9341877313131803
0,6.423404634647965,1.524447391820668,4.898957242827297,1.51786845006791,6.71558765220796,5.19771920214005
0,8.513842525564364,4.88681105367051,3.6270314718938543,4.04506300600798,6.54907283420656,2.50400982819858
0,5.206383917130218,2.1569059745221337,3.049477942608084,4.4544800307419,6.90281269786801,2.4483326671261105
1,6.483945640415411,2.747776634027708,3.7361690063877027,2.51056290047269,6.61203592420414,4.101473023731451
0,6.942162620151687,2.73200543483503,4.210157185316657,1.76823560482353,6.64832553606845,4.88008993124492
1,6.2855814058624375,0.9061454082070433,5.379435997655394,2.65110341656313,4.47472694729545,1.8236235307323194
0,7.11087473135653,2.679510167689511,4.431364563667019,2.95557298460986,6.23828108863639,3.2827081040265305
0,6.098142941558213,1.6394841219362692,4.458658819621943,1.43848298864139,5.14326993864379,3.7047869500024007
1,6.242641047185175,2.294708147841817,3.947932899343358,2.62116502805392,6.92407672748742,4.3029116994334995
0,5.768843134967055,1.6126109783032072,4.156232156663847,0.493409982985124,6.7532496325695,6.259839649584376
0,6.480294979675119,2.6851445104329237,3.795150469242195,1.57045757228614,6.43702239416283,4.86656482187669
0,5.548653237696971,0.6624436052335843,4.8862096324633875,0.689425295503604,5.55600642490479,4.866581129401186
0,6.78367248165109,3.489409851687762,3.294262629963328,2.70681992726072,8.89051076962327,6.183690842362551
0,6.3895981525635746,2.0901648788707545,4.29943327369282,2.76202218723124,5.1020847139029,2.34006252667166
0,7.454171604281351,3.763464786581972,3.690706817699379,3.81885885807038,6.61887027790613,2.80001141983575
1,5.735510241503126,1.3448878692998687,4.390622372203257,2.76854549887543,6.68194873773018,3.9134032388547504
0,7.044450133800481,3.5654825542947304,3.478967579505751,2.75459138439132,6.27271912113369,3.51812773674237
0,7.074133717783538,2.822151426872102,4.251982290911436,2.50637362671685,7.54952938950276,5.0431557627859105
1,7.049105795171316,3.4043900857091516,3.6447157094621647,4.31877968420119,5.59991628549083,1.2811366012896404
0,5.680505026435128,1.002658718084656,4.677846308350472,1.88496555860965,6.98785118277911,5.10288562416946
0,5.763546403260443,0.9608811676548399,4.802665235605603,0.62903588215034,6.92589994507658,6.29686406292624
0,6.448874576129856,2.4343666332669835,4.014507942862872,3.03680843519943,5.09894152749862,2.06213309229919
0,7.373295416719121,3.6525066139627294,3.720788802756392,4.07253576011033,6.13972234039722,2.06718658028689
0,6.8220233435253235,3.2595288765571,3.5624944669682233,2.30608869936332,6.79290294709257,4.48681424772925
0,5.9058267819096955,2.057057727007448,3.8487690549022475,1.61706110000035,5.57909653240777,3.9620354324074203
0,7.584356759744866,3.9354456409630316,3.648911118781834,4.42474376888341,6.09955171588719,1.6748079470037807
0,7.460851685048398,4.3651721628171245,3.095679522231274,6.88956924407525,6.85129246003733,-0.038276784037919676
0,6.910035885428373,2.249541542745556,4.660494342682817,2.57729440725023,6.2570542432145,3.67975983596427
0,5.539786658424309,2.700304881758555,2.839481776665754,3.25240212823266,5.52313456748285,2.2707324392501897
0,6.95286327474413,3.0541847782208755,3.898678496523255,3.44250009402835,5.98157619782227,2.5390761037939202
0,6.778070323528787,3.5142095501027732,3.263860773426014,1.725491391768,6.29269217589727,4.56720078412927
0,5.668659415509289,1.3744853805316686,4.294174034977621,1.37092156720119,5.64728825724485,4.27636669004366
0,5.978420187393892,2.0329707925651452,3.945449394828747,2.997358985199,6.15985365837551,3.16249467317651
0,6.24296212568616,1.7782130917215577,4.464749033964602,1.17960023044454,5.95847161005809,4.77887137961355
0,5.9005311832067715,2.472628759777694,3.4279024234290776,1.38394358579875,6.7043635210423,5.3204199352435495
1,6.534775105358918,3.3584236248147032,3.1763514805442146,1.64182038717465,6.11579604633554,4.473975659160891
1,6.230830232518661,2.0067505833963963,4.224079649122265,2.39263919642814,5.81378084833219,3.42114165190405
0,6.911962829837238,3.6018871591143933,3.3100756707228447,3.43286109408072,7.7721153212159,4.33925422713518
0,6.021178327053817,1.761231101021998,4.2599472260318185,2.28480606902782,6.18329289780949,3.8984868287816696
0,6.411872024137948,2.150227673506018,4.26164435063193,2.26045758318851,6.59217269557781,4.3317151123893005
0,6.862648344100075,2.554695503295164,4.30795284080491,2.80022146843788,5.49469920755695,2.69447773911907
0,7.3608959959461755,3.6374948930594924,3.723401102886683,2.95627286266983,5.78376967916798,2.82749681649815
0,6.494349523325157,2.0155262595449854,4.478823263780171,1.51785874473659,6.92512009616798,5.40726135143139
0,6.290695331246308,1.70892136213795,4.581773969108358,1.44325306816398,5.43269031436933,3.98943724620535
0,6.380936741939381,3.0094696264668763,3.371467115472505,2.92810467832831,5.31144500841464,2.38334033008633
0,5.987942970451688,4.2880053950564925,1.6999375753951957,2.94535803743849,7.3074754304013,4.36211739296281
0,7.662069542583579,3.5393660605149133,4.122703482068665,3.89322858906724,7.99808133147265,4.10485274240541
1,6.521423176744042,3.0021633464926376,3.5192598302514044,2.81383588098388,6.91738102405828,4.103545143074399
1,7.614239365174813,4.259247735055185,3.3549916301196276,3.01254330628214,7.02702037229374,4.0144770660116
1,5.834205866243784,0.9506867463592776,4.8835191198845065,0.591117842630614,6.12642415117095,5.535306308540336
0,6.575809205630415,2.019494125495881,4.556315080134534,2.57236337607321,7.52444754135607,4.9520841652828596
1,6.498541445916088,2.709148389280955,3.7893930566351335,2.27954043115171,7.39195352513474,5.11241309398303
0,5.853514475251068,1.2352187732043818,4.618295702046686,1.56800150769186,3.47101051060773,1.90300900291587
0,6.0809987089844535,1.6739291193038595,4.407069589680594,0.0115892737277397,7.04212017062386,7.03053089689612
0,5.126583489163114,0.769663812668917,4.356919676494197,0.400708727024929,6.18310276112788,5.782394034102951
0,7.578728781860864,3.949054131201706,3.629674650659158,4.30837631218481,6.5304110715581,2.2220347593732894
0,6.388519374885493,2.4100266411688818,3.978492733716611,2.44081766344407,6.46988427871366,4.02906661526959
0,6.572928523549951,1.5365860799072988,5.036342443642653,2.0112237223427,7.41732078005991,5.40609705771721
1,6.554957850219519,3.758670965388375,2.7962868848311437,3.34857531902323,6.55495785021952,3.2063825311962897
0,6.873013608978687,2.9250182501365436,3.9479953588421437,3.16153681797194,5.21614030728732,2.0546034893153804
0,7.8327938825390735,4.305677362954688,3.5271165195843857,3.00579262915986,4.37219554961508,1.3664029204552204
0,8.01972005412367,3.7764439067376934,4.243276147385977,2.22368698545305,6.59237454813736,4.368687562684309
1,6.7447728808036045,2.8599952304541985,3.884777650349406,2.9661324039567,7.1312958040287,4.165163400072
1,5.9629085744615455,1.0858938294500988,4.877014745011447,3.01632065901361,3.93920095155035,0.9228802925367403
0,6.5614836266128425,1.8928764374069895,4.6686071892058525,1.34275612646039,4.36524549361518,3.0224893671547894
1,7.135090124161471,3.3569026255964447,3.7781874985650266,2.80223023865743,7.54312871766792,4.7408984790104896
0,6.622964763682873,2.6164564027134958,4.006508360969377,1.78180350134072,5.52844712652518,3.7466436251844604
0,7.783646465095586,3.003862589729339,4.779783875366247,0.722401190044144,6.22446700658414,5.5020658165399965
0,6.415289064584346,2.08854629927987,4.326742765304477,0.863602976594518,5.29778512428356,4.434182147689041
0,5.809032818586461,3.038120095108322,2.770912723478139,2.33110501929932,5.0462861023349,2.71518108303558
0,7.146994687004552,4.042370778599476,3.1046239084050766,3.18563470536936,7.56112015865257,4.3754854532832095
0,5.913141056063207,1.5313606285846277,4.38178042747858,2.3001864739822,7.29695847681413,4.996772002831929
1,6.500008649407829,2.856400459399991,3.643608190007838,1.71316261956061,7.34264057689104,5.62947795733043
0,6.948524719317347,3.00437877075124,3.944145948566107,3.89076463877724,5.99581549986674,2.1050508610895005
0,6.7488285241921115,2.0122233443077113,4.7366051798844,2.8080525773435,5.12937671719749,2.3213241398539903
0,6.221648823487185,1.251227402759759,4.970421420727426,-0.211562243070097,4.0893713020327,4.300933545102797
1,6.649367662386172,1.9938183084444063,4.655549353941766,0.824838595143378,7.31733557664096,6.492496981497582
0,6.737122556572321,1.75945404407135,4.977668512500971,-0.83245678618847,7.1764504911692,8.00890727735767
0,7.118670200582639,2.4915376121193655,4.627132588463274,1.77097458443521,5.38764469676992,3.6166701123347096
0,5.981952164821649,1.2505662260931256,4.731385938728524,0.499740805712444,6.38583026743297,5.886089461720526
0,6.268750326466046,1.2355164672489445,5.033233859217102,1.67317358682726,6.49814972758708,4.82497614075982
0,6.6383865492785725,3.3114963528342365,3.326890196444336,2.5761900281192,5.30125913603301,2.72506910791381
1,6.62406600001969,2.988679193680237,3.635386806339453,2.58089142369044,7.93937409773498,5.35848267404454
0,6.479999171453674,0.7229099162737809,5.757089255179893,1.44076958751734,7.5280737520337,6.08730416451636
0,6.359865202628116,1.0868351912301903,5.273030011397926,1.86814648015637,4.78699375289597,2.9188472727396
0,5.9147237007604545,1.1680463002971497,4.746677400463305,0.751634199532782,6.10658512517176,5.354950925638978
0,7.069582592468599,2.210300326997476,4.859282265471123,2.20467542218412,6.32487031581455,4.12019489363043
0,6.92822253770876,3.4158385133590707,3.5123840243496893,3.30385736751684,6.32661710623923,3.0227597387223897
0,5.769695120216625,1.378125886568019,4.391569233648606,0.627055832253119,7.35010194919684,6.723046116943721
0,6.214231296590509,1.703329207040717,4.510902089549792,1.10580365722865,7.55903268841544,6.45322903118679
0,5.341813501209551,1.6096015688020266,3.732211932407525,1.30734939514709,6.52588398779617,5.21853459264908
0,6.166969848572265,2.211674522917503,3.955295325654762,2.90733552938607,4.73303302678937,1.8256974974032998
1,6.8150905338104755,3.7218991762424647,3.093191357568011,4.74075713341018,7.6479424850923,2.90718535168212
0,5.148299809708491,1.1655279800684595,3.982771829640032,0.881347171466256,5.39109476403843,4.5097475925721735
0,5.670073508446135,1.7262941994572158,3.9437793089889195,2.1714678579368,6.07198895369335,3.90052109575655
0,6.788482109938235,3.700401649655381,3.0880804602828538,4.67075263411563,6.33530415107047,1.6645515169548402
0,5.673595906080137,0.11208315864537788,5.561512747434759,1.45536116063637,6.31608438893149,4.86072322829512
0,7.056577834448591,3.0353472983386434,4.021230536109948,3.54691675491577,6.55404893017823,3.0071321752624605
0,7.436936099772241,2.865903485953669,4.571032613818572,1.75892056926311,5.61759262703388,3.85867205777077
0,6.712667277183514,3.5770387659696095,3.1356285112139046,1.86070745381066,6.75807305229448,4.8973655984838205
0,5.835162318876682,0.7165115769588359,5.118650741917846,0.351428002871767,5.99025395353431,5.638825950662543
0,7.596124090105059,5.375616792160495,2.2205072979445637,7.06256486198985,6.99297047296683,-0.0695943890230204
0,8.812063802768808,5.3653723565027835,3.4466914462660245,7.19321027175374,7.51773108618168,0.3245208144279399
0,6.948317904064277,3.4109969211739766,3.5373209828903005,2.82113228537221,5.43854869263877,2.6174164072665604
0,7.512123669904741,3.4902499181587836,4.021873751745957,1.58936712357512,6.64685057135913,5.05748344778401
0,5.7030383517282175,0.6081023819811064,5.094935969747111,2.55790845327853,6.76841593798957,4.210507484711039
0,6.841972080324016,2.9432086623011102,3.898763418022906,2.98558491206591,6.71266388130587,3.72707896923996
0,6.14447238766895,1.4751709590928617,4.669301428576088,1.92866089287586,4.58037594329943,2.6517150504235696
0,5.280836777711214,1.5498866435818255,3.730950134129389,2.46786815803494,6.11556997487543,3.64770181684049
0,7.439203336004873,4.5623547200694965,2.8768486159353763,5.55142943192607,6.00094992219818,0.4495204902721106
1,6.286697850592174,3.6276917753010767,2.659006075291097,3.83406386416514,4.75024837381228,0.9161845096471399
0,6.5166706961962575,0.8483151266821636,5.668355569514094,0.507394807939469,7.42308410182336,6.915689293883891
1,6.085709196982231,1.612648281172431,4.4730609158098,1.26869170740219,6.08570919698223,4.81701748958004
0,6.688689510938283,0.6423846741546195,6.046304836783664,-0.215895837093256,6.8295941399754,7.045489977068656
0,6.4893453468636535,2.61683169362332,3.8725136532403335,2.85574758262737,7.46761739176029,4.611869809132919
1,6.8715199377998815,2.220504590409816,4.651015347390065,5.14607694762999,7.74898863379379,2.6029116861637993
0,6.5016681534403205,2.470662561406932,4.031005592033388,2.63963578292705,6.45096221721097,3.8113264342839197
0,5.347941480537843,0.7510347968249953,4.596906683712848,2.24997970685113,4.49775614008837,2.2477764332372403
0,6.569778717733257,2.0203472978743493,4.549431419858908,2.16581048465297,5.16797626779969,3.00216578314672
0,6.167118953191805,1.9536791445370856,4.213439808654719,2.04412231238446,5.40596022709594,3.36183791471148
0,6.476435241488861,2.5144657117803453,3.961969529708516,1.27423607590204,4.64242333569687,3.3681872597948304
0,5.655579222474957,1.2325970533719541,4.422982169103003,1.71803471849761,6.13998351262118,4.42194879412357
0,5.351998406144829,2.262625499386894,3.089372906757935,2.0707484947386,7.22816659403977,5.15741809930117
0,6.645033924347535,1.9296523795563187,4.715381544791216,3.550117866254,5.05241628991701,1.5022984236630106
1,5.382252765138508,0.8753012882143743,4.506951476924134,-0.0323911225628333,5.03310523449613,5.065496357058963
0,5.366448729016504,1.85010217114188,3.5163465578746242,1.82292360287164,8.13820995657684,6.315286353705201
0,6.438569713508569,1.8371769340180482,4.601392779490521,0.677101301204496,7.06174996083532,6.384648659630823
0,5.646616321211462,1.0251388697926709,4.621477451418791,1.82459489749363,7.32595297981845,5.5013580823248205
0,6.3943647264462395,2.0983379675912213,4.296026758855018,2.40936234662167,4.79751474986802,2.38815240324635
0,5.937068332698982,0.6798697200843851,5.257198612614597,0.0497973653598165,5.99533287588226,5.9455355105224434
0,6.636955616369084,2.796633233044864,3.84032238332422,0.502374578097199,6.63981110076439,6.1374365226671905
0,7.3971003876215855,4.294047914243809,3.103052473377777,4.76209035268695,8.2647948502083,3.502704497521351
0,5.639281507525093,0.8302125917207579,4.8090689158043345,2.51995769634074,4.86859663550603,2.34863893916529
0,6.1941264496810575,2.074795430521685,4.119331019159373,2.05475971568724,6.77337250926197,4.71861279357473
0,5.933354013491992,2.035131999619387,3.898222013872605,0.601225887102077,5.65502711749507,5.053801230392994
1,7.28337428071356,3.8516315420773495,3.4317427386362107,5.05809155969317,8.02530568517173,2.9672141254785602
0,5.942665148187247,1.3164061489876742,4.626258999199573,1.7878810524501,6.54280491595427,4.75492386350417
0,7.520130496439762,3.0308323227915945,4.489298173648168,1.73631359550341,6.29416744853336,4.5578538530299495
0,5.636338221277435,1.4051665357724747,4.23117168550496,1.46851134588165,5.8006330533111,4.33212170742945
0,7.963933185022132,4.017953846582809,3.945979338439323,3.77864909960484,6.77040219314787,2.99175309354303
1,5.955059951795825,2.6647682086891686,3.290291743106656,4.21226433705545,6.07161748769692,1.8593531506414704
0,6.533042771731097,0.8461918020885679,5.686850969642529,1.36620569157546,5.69723936323233,4.33103367165687
0,5.783397005771007,1.3936372126445769,4.38975979312643,0.129383571776633,3.21008519144137,3.080701619664737
0,6.243635753750443,3.768193763091289,2.475441990659154,3.1821140130996,5.34247060549355,2.16035659239395
1,6.399740346689031,3.5034208999267173,2.8963194467623135,4.02815590279294,7.25338241729691,3.2252265145039702
0,5.74131452900629,1.319365616770787,4.421948912235504,1.4156749245536,7.0322226237285,5.6165476991749
0,6.89378185345311,3.752167037569765,3.1416148158833446,3.44349431834737,6.99928188780097,3.5557875694536003
0,6.5051535645410565,2.3072270427262533,4.197926521814804,1.49877314120995,6.8740986787221,5.37532553751215
0,6.159939025629389,1.3123339662172646,4.847605059412125,1.32974545311383,6.51877963995691,5.18903418684308
1,7.173392013080152,2.8899896270453667,4.283402386034785,2.00121581914498,8.14112973387744,6.13991391473246
0,6.456623446195985,3.654839101523074,2.8017843446729107,2.26155236827608,7.2881897479501,5.02663737967402
0,5.611102481574503,0.9441462246126398,4.666956256961863,0.67625958328588,7.08680257185446,6.41054298856858
1,6.767122012381408,1.5666615947456166,5.200460417635792,1.99665207263367,9.06611762849387,7.069465555860201
0,5.439827142074838,0.651853129872034,4.787974012202804,1.46932745588299,6.86856173831923,5.3992342824362405
0,8.169692255061095,4.864480904771697,3.3052113502893983,5.03178002474336,7.08470191632008,2.0529218915767204
0,6.125151146283903,1.5500596208760415,4.575091525407862,1.89931185610235,6.59231023816878,4.69299838206643
1,5.561699098840503,1.3263024165558803,4.235396682284622,1.2904938527901,4.03578734008963,2.7452934872995303
0,5.974922800298447,1.6062773849440608,4.368645415354386,1.43509241292638,7.08274166839569,5.64764925546931
0,6.402373249894753,2.321564014518058,4.0808092353766945,2.03985277428779,7.26008534845328,5.22023257416549
0,7.8338920929122295,4.0175790419791415,3.816313050933088,5.40364214445053,6.68197331527848,1.2783311708279497
0,6.801108957881162,2.1683415579340024,4.632767399947159,1.74476715156734,6.93143864714321,5.186671495575871
0,6.265238505154927,2.0918868463983675,4.173351658756559,2.31262679069982,5.09819015938339,2.7855633686835697
1,6.507818181294919,3.6385303700329894,2.8692878112619296,4.96864599200824,5.08572438374186,0.11707839173362
1,5.681504182958004,0.6988097284365993,4.982694454521404,1.39139275690515,6.1695219829957,4.778129226090551
0,6.288574393018859,2.441348794960107,3.8472255980587517,2.54555899028967,7.93845665351954,5.392897663229871
0,5.978107534124651,1.8368596546623588,4.141247879462292,0.906938386428468,5.81339896325798,4.906460576829512
0,7.114069321926333,3.768011792045445,3.3460575298808886,1.29907640374752,5.54354232512157,4.24446592137405
1,6.862942129576927,1.7322431516529777,5.13069897792395,1.37969725260706,6.17230732224342,4.7926100696363605
0,6.763719642093417,2.641852847881706,4.12186679421171,2.43011265069166,6.30721359309849,3.8771009424068303
0,7.348194520740368,5.074442515452699,2.273752005287669,5.68588521810109,6.66721463964749,0.9813294215464001
0,4.7422212870049405,0.5302085822825697,4.212012704722371,0.230849827025627,6.24343382224153,6.012583995215904
0,7.3147572786332935,3.5912954193976754,3.723461859235618,3.66218826419841,8.99327392393678,5.3310856597383705
0,6.432671426394585,2.5979649180292097,3.834706508365375,2.5737447845846,5.14613050409456,2.57238571950996
0,6.112574004926934,1.4667294190324769,4.645844585894457,-0.0437302371446535,3.72091200933319,3.7646422464778433
0,6.294886621455026,2.012819595209769,4.282067026245257,1.48001498243296,6.20093711888667,4.72092213645371
0,6.790135026650697,3.2473419393798,3.542793087270897,3.37367927914912,6.84700940249715,3.4733301233480303
0,6.468702053292853,2.7691721221129066,3.6995299311799466,0.876357708271567,5.18411334830988,4.307755640038312
0,5.177800299857976,1.0069929508838193,4.170807348974157,1.81796830706242,5.72342846255808,3.90546015549566
0,7.064617715611943,3.4137412629004507,3.6508764527114925,5.20986182902586,6.00171557707145,0.7918537480455905
1,4.931765200850755,1.127003952025366,3.804761248825389,1.14810774575061,5.51344613290877,4.36533838715816
0,6.617431277617805,2.383541326212781,4.233889951405024,-0.215901518831259,6.01829992793163,6.2342014467628895
0,5.585489120354089,1.1134188380200694,4.47207028233402,1.97337742147069,6.40671296382365,4.43333554235296
0,6.240093576228205,2.6465575552531306,3.593536020975074,1.78434659680163,5.99846224778479,4.21411565098316
1,7.095815074788598,3.1410928230183637,3.9547222517702347,1.85672411358947,8.18273366041702,6.3260095468275495
0,6.670358465881429,3.543365074993438,3.126993390887991,3.19711380861294,7.26687067280951,4.06975686419657
0,7.288068880786213,4.461304809827911,2.826764070958302,4.21483477474824,6.24672660962936,2.0318918348811197
0,6.066971711125987,1.6057806671556643,4.461191043970323,1.14912673271378,7.5171721875485,6.36804545483472
1,6.126602095375187,1.2443150780801886,4.882287017294998,2.44486475858734,7.27809356639464,4.8332288078073
0,6.52164358639039,2.138907033485536,4.382736552904854,2.03999999524077,5.3570256610744,3.3170256658336297
0,7.057088240546119,2.8445659587760197,4.2125222817701,2.7624022441977,7.51093356946512,4.74853132526742
0,7.461382472749741,4.167712323189653,3.2936701495600884,4.51830926574937,6.91306410962845,2.3947548438790793
0,7.217578398353239,3.3823131934481916,3.8352652049050473,4.45573995768006,7.35342048923246,2.8976805315523997
0,6.418802065421529,4.6412207896223805,1.7775812757991485,6.93299395561478,6.90542269305341,-0.02757126256136999
0,6.191489408272038,1.500355750247911,4.691133658024127,-0.0300335648509897,5.2184869740323,5.248520538883289
0,6.139134422864773,2.229615165813124,3.909519257051649,2.66650331233516,6.64497991133813,3.9784765990029696
0,5.512830600141562,1.672025781132833,3.8408048190087296,3.2583084604458,6.1795339676878,2.921225507242
1,5.908954886269295,1.3177562970145988,4.591198589254696,2.25760006641258,5.47158731985587,3.2139872534432903
0,5.79923974181592,0.8386724538953925,4.960567287920528,1.28359341159011,4.05770561441245,2.77411220282234
0,7.091852121941425,4.395568615471027,2.6962835064703983,5.22964223274462,8.47725366713588,3.24761143439126
1,7.056706689380044,2.6069714676484264,4.4497352217316175,3.45147270932615,7.06300754501303,3.61153483568688
1,5.040432517427561,1.1227099938123395,3.9177225236152218,0.861097125438153,5.10465617691296,4.243559051474807
0,7.401357792832445,3.3761464985384393,4.025211294294006,1.81111849379569,5.33571846706521,3.5245999732695195
0,7.17239027631301,2.957240400918927,4.215149875394083,3.04377513594047,6.55568056918813,3.51190543324766
0,5.816972724204625,0.5197373575812878,5.297235366623337,0.686153789604703,3.94534665154268,3.259192861937977
1,5.2445947384608065,0.5273256456433701,4.717269092817436,-1.03762755274036,3.28766573974872,4.32529329248908
0,6.594553262985753,2.3588847937817707,4.235668469203982,2.35454800242827,5.44795319676838,3.0934051943401104
1,6.432433337233585,1.4237489642042156,5.008684373029369,2.53283560075084,7.89358577012992,5.360750169379079
0,6.966101454300152,4.533382335829331,2.4327191184708212,4.98857537576323,7.10932902883038,2.1207536530671494
0,6.895407418345824,3.4657495536139766,3.4296578647318476,3.87627536304141,6.69552462631747,2.8192492632760597
0,6.967835680852695,3.562754030124778,3.405081650727917,2.94719843557721,8.0770816883321,5.12988325275489
0,6.931356469108973,2.3046074081191446,4.6267490609898285,3.10877578903601,6.97439713388778,3.86562134485177
1,5.989374356325712,2.3410557520639785,3.6483186042617333,3.30821391368349,7.41773289489662,4.10951898121313
0,7.340651516631304,3.1919858093013764,4.148665707329927,0.613518701136741,7.76305661067011,7.149537909533369
0,5.625119289846159,0.9541120999297728,4.671007189916386,3.15473581720585,6.39677676302032,3.2420409458144697
1,5.586916711803999,0.533049516923016,5.053867194880983,-0.442242796142048,5.02286211580025,5.465104911942298
0,7.200326417467876,3.494001995841744,3.7063244216261317,2.61082893056148,5.83660917175851,3.2257802411970298
0,7.297211496513492,4.539055127703163,2.7581563688103294,5.67942622407615,8.06739982199095,2.3879735979148
1,5.512536099308264,1.0364436994625352,4.4760923998457285,1.5171133136864,5.93573570173901,4.4186223880526105
0,6.624872003359237,3.353036738135096,3.271835265224141,2.13134648784345,5.3423832464074,3.2110367585639503
0,7.292771441186952,3.9041135486954763,3.3886578924914756,4.58991058223541,8.54063375915853,3.9507231769231197
0,6.723621465000266,2.7402452747645207,3.9833761902357456,1.12490531397159,8.18235033358364,7.05744501961205
0,4.552728670223385,1.2413466656794314,3.3113820045439537,3.55650107255658,7.04131241590841,3.48481134335183
1,6.099710162806637,1.7853755685968318,4.314334594209805,0.189793550428248,6.87117358448371,6.681380034055462
1,5.446172615732205,1.0449083672104085,4.401264248521796,0.961470421773044,6.07530221703996,5.113831795266916
1,6.667887983837807,2.661271678801359,4.006616305036449,1.47738491897078,7.1701259223622,5.692741003391419
0,5.425818744226826,0.8572729418376006,4.568545802389226,2.70089412958609,6.79496918023626,4.0940750506501695
0,5.421659945746867,0.30088302162615843,5.120776924120708,0.935199745964143,7.07460498165746,6.139405235693317
1,5.437659852524539,1.1553714499061594,4.28228840261838,2.65284524779768,6.88671946169406,4.23387421389638
0,5.575746083694264,1.3556099056186375,4.220136178075626,1.6679347670624,5.70150245938619,4.03356769232379
0,6.149228399321827,3.2003243167875848,2.9489040825342423,2.57474839852414,6.72554541627114,4.150797017746999
0,6.690715224123563,3.53408837857409,3.1566268455494733,2.17949810421685,5.29609350402168,3.1165953998048304
0,6.228560828666721,2.1972356316083155,4.031325197058406,1.92607542215349,7.48369666521747,5.55762124306398
0,6.78890857972077,2.782038855050968,4.006869724669802,2.92079021017931,5.27965124992067,2.35886103974136
0,7.203681287621564,3.4926681007939027,3.7110131868276617,2.94361004081741,8.86505092685062,5.92144088603321
0,7.284431024443226,1.5999388048354017,5.684492219607824,2.33657838678924,6.04703380981822,3.7104554230289803
0,7.70586106302701,3.869399154025507,3.836461909001503,2.87485093027654,6.26405715476721,3.3892062244906698
0,5.989307500298237,1.3925211954184746,4.596786304879762,1.49096393466752,6.96936607891595,5.47840214424843
1,7.649541034543275,5.488814563916435,2.16072647062684,7.28139984185174,7.17629618627253,-0.1051036555792102
0,7.529685228247854,3.4768787202343807,4.052806508013473,3.51103681303753,8.07080136364531,4.559764550607781
0,7.513190955496162,2.206246421485928,5.306944534010234,2.48508731983079,6.65941053949706,4.17432321966627
0,4.743117666047948,1.5322967114737904,3.2108209545741575,0.750300170507425,5.64880513095171,4.898504960444285
0,6.100817971258621,1.6461275087543437,4.454690462504278,1.70872980046819,7.06774217769021,5.359012377222021
0,7.593757406948632,3.9267124792958237,3.6670449276528085,2.92359856289717,9.95909578524336,7.03549722234619
0,5.879102711015666,0.9355680280274348,4.943534682988232,1.93856829292568,6.22171952708076,4.2831512341550795
0,5.591769571439023,0.5314568171762515,5.060312754262772,-1.54390231866209,6.56259287648545,8.10649519514754
0,7.172011569284934,3.5487457845464765,3.6232657847384577,2.27127663485497,5.97427709694435,3.7030004620893804
0,6.111397125890057,2.332524038081957,3.7788730878081,1.57041688313086,6.18062777060265,4.61021088747179
0,6.844323022543766,3.7859817673754383,3.0583412551683278,4.17779322598826,7.00129932797504,2.82350610198678
0,5.861710364689877,1.558757187771368,4.302953176918509,2.25089199107115,4.14411322809808,1.8932212370269301
0,5.858907992651373,1.9171875883419482,3.9417204043094247,1.31792068899898,5.46367186467551,4.14575117567653
0,6.350987753781997,2.9524027114699405,3.3985850423120563,2.5005524675854,6.0713402575836,3.5707877899982
0,6.005627758023068,1.986155564411297,4.0194721936117705,-0.145284328164189,6.03864198711074,6.183926315274929
0,6.846547285104979,2.9173186579906836,3.9292286271142953,2.7197618454953,6.65208773270064,3.9323258872053395
1,7.065504329190107,3.900603461448096,3.164900867742011,2.29849010103585,6.17558256208127,3.87709246104542
0,5.999022963273516,1.4894277547056178,4.509595208567898,0.605363642893886,4.99420830194051,4.388844659046624
0,6.514479453508927,3.3862461555522154,3.1282332979567116,2.98168323569061,6.45230455007399,3.4706213143833797
0,6.092562822970262,2.698591320275866,3.393971502694396,1.87963572570916,7.71145892530039,5.83182319959123
0,5.972824451466125,1.7557076805963086,4.217116770869817,1.02877068694536,6.15891369320028,5.1301430062549205
0,7.757259622929894,3.9239045412811624,3.8333550816487314,4.60005386295007,7.14383178605768,2.5437779231076103
0,5.921515856696612,0.8012803401558086,5.120235516540803,0.34662036769402,6.73353943556478,6.38691906787076
0,6.687106200192466,1.48820170400011,5.198904496192356,2.13974947149791,6.98207569795107,4.84232622645316
1,6.207636975639417,1.882285213474601,4.325351762164816,3.05259838293635,6.13781467705459,3.08521629411824
0,5.408073832610615,1.134580484207767,4.273493348402848,1.9465794527237,5.35453854615223,3.4079590934285298
1,6.305838502036909,2.4303842845139854,3.875454217522924,2.22750285118654,6.45231232964946,4.2248094784629195
0,6.237692751907857,2.756632239806228,3.481060512101629,2.02689290506167,7.02066003765125,4.993767132589579
0,6.881979168494227,2.852098695509996,4.029880472984231,2.93652708214035,3.61621055680529,0.6796834746649401
0,6.619490648191456,2.478223371698479,4.141267276492977,3.57368547370605,6.16261545564476,2.5889299819387097
0,5.596979445212003,0.8753986299281395,4.721580815283864,1.40011169516129,6.15338677443466,4.75327507927337
0,5.951584028832,1.4769896374686857,4.474594391363315,2.96066004746102,7.11120857194332,4.1505485244823
0,5.761483024093374,1.2134458973903468,4.548037126703027,1.88121780104944,5.55268364698895,3.6714658459395095
0,6.776883361421408,2.4689607132155538,4.307922648205855,1.88424363893133,4.58246901904235,2.69822538011102
0,7.544535928427238,3.2641102694571273,4.280425658970111,3.20810626474894,5.96381206494892,2.75570580019998
0,4.891327897773913,2.093730260448176,2.7975976373257376,1.5746652189098,6.60502290471016,5.03035768580036
0,4.887012316682057,1.7392727389908456,3.1477395776912114,0.129260234944051,5.39127946674902,5.2620192318049686
0,7.077083207746151,3.038076821582489,4.039006386163662,2.59326610202999,6.3892036547071,3.79593755267711
0,7.026732509273504,4.367720316386487,2.659012192887017,6.42053811620211,6.53159448622449,0.11105637002238034
1,6.086928173581567,1.1602345689680573,4.92669360461351,0.739044417548658,5.53923208106319,4.800187663514532
0,6.641959077126088,2.66183277133662,3.980126305789468,2.4864135338149,6.30620994683068,3.8197964130157795
0,7.307689869471593,3.7457772906335896,3.5619125788380037,3.86941233509827,6.91275048054854,3.0433381454502695
0,6.0368115181907145,1.6393006139144013,4.397510904276313,2.4928721221424,6.77919911601321,4.28632699387081
1,7.1584655201153415,3.2619726362372434,3.896492883878098,2.53605509808157,5.95670451649266,3.4206494184110903
0,5.882480442073167,1.7894417080766714,4.0930387339964955,1.47001007750774,7.00098919812691,5.53097912061917
1,6.450495649661853,1.8864111123313165,4.564084537330537,1.52092190270424,5.89441753262352,4.37349562991928
0,6.096963542283803,2.825151052717998,3.2718124895658054,3.51280457961095,6.64239133190666,3.1295867522957104
0,6.146083872829905,1.8168916209051664,4.329192251924739,2.35891557538093,7.38549190445231,5.02657632907138
1,6.476367535019569,2.255065724714066,4.221301810305503,2.59888176701029,7.06518078388759,4.466299016877301
0,6.574000873343366,1.7075697899546889,4.866431083388678,1.79274761209283,6.46944829300654,4.67670068091371
0,7.033871378191814,4.023849320726072,3.0100220574657426,5.54891613716044,6.75027826756471,1.20136213040427
0,6.349081982125352,3.329993155254773,3.0190888268705787,2.81546437847134,6.10196868231583,3.28650430384449
0,5.3693821723041495,2.210900874426038,3.1584812978781116,1.58087314189802,6.37190496141395,4.79103181951593
0,7.1638456983395695,3.5935630533214127,3.570282645018157,3.34766770719356,7.69392653679977,4.34625882960621
0,5.605152230090586,1.312830443924416,4.29232178616617,0.803277440602219,4.24876900908739,3.4454915684851706
0,6.125228676980664,2.9732846027731936,3.1519440742074707,2.42531394219059,6.00535075281159,3.580036810621
0,6.39692727434783,1.6542854333490162,4.742641840998814,1.14138872539632,4.16559656913138,3.02420784373506
0,5.907348066575933,1.3245332849168872,4.582814781659046,3.17621775725787,6.41685776787561,3.2406400106177395
1,6.592225394205399,3.272317329816019,3.31990806438938,2.2731420266004,6.12032101298947,3.8471789863890695
